<pdt_configuration application_name="libsync" output_dir="." version="3.0">
	<groups>
		<group name="GENERAL" description="General event types" id="0x00">
			<view yStart="0.0" yEnd="0.2" color="0x0000FF"/>
			<include href="/usr/share/pdt/config/pdt_general.xml"/>
		</group>
		<group name="LIBSPE2" description="CBE libspe 2.0 event types" id="0x01">
			<view yStart="0.2" yEnd="0.4" color="0x00FFFF"/>
			<include href="/usr/share/pdt/config/pdt_libspe2.xml"/>
		</group>
		<group name="MFCIO" description="SPE MFCIO event types" id="0x02">
			<view yStart="0.4" yEnd="0.6" color="0x00FF80"/>
			<include href="/usr/share/pdt/config/pdt_mfcio.xml"/>
		</group>
		<group name="LIBSYNC" description="General event types" id="0x03">
			<view yStart="0.6" yEnd="0.8" color="0xFFFF00"/>			
			<include href="/usr/share/pdt/config/pdt_libsync.xml"/>
		</group>
	</groups>
<configuration name="CBE">
<host name="none"/>
<groupsControl>
	<group name="GENERAL" active="true">		
		<profile active="false"/>
		<!--  The GENERAL group of events are always active-->
	</group> 
	<group name="LIBSPE2" active="true">
	</group>
	<group name="LIBSYNC" active="true">			
		<sub_group name="PPE_MUTEX" active="true">
			<event name="PPE_MUTEX_INIT" active="true"/>
			<event name="PPE_MUTEX_LOCK" active="true"/>
			<event name="PPE_MUTEX_TRYLOCK" active="true"/>
			<event name="PPE_MUTEX_UNLOCK" active="true"/>
		</sub_group>
	</group>
</groupsControl>
</configuration>
<!-- -->
<!-- SPEs configuration - this section is read with the CBE configuration -->
<!-- -->
<configuration name="SPE">
<host name="CBE"/>
<groupsControl>
	<group name="GENERAL" active="true">			
		<profile active="false"/>
		<!--  The GENERAL group of events are always active-->
	</group>
	<group name="MFCIO" active="true">
	</group>
	<group name="LIBSYNC" active="true">			
		<sub_group name="SPE_MUTEX" active="true">
			<event name="SPE_MUTEX_INIT" active="true"/>
			<event name="SPE_MUTEX_LOCK" active="true"/>
			<event name="SPE_MUTEX_TRYLOCK" active="true"/>
			<event name="SPE_MUTEX_UNLOCK" active="true"/>
		</sub_group>
	</group>			
</groupsControl>
</configuration>
</pdt_configuration>
